Title,Votes,Tags
vba AutoFilter Cells with blank background color but have data,0,"excel, vba, excel-2010, excel-2007, vba7"
High CPU Usage Linux,0,"java, linux, cpu-usage, thread-dump"
How can I prevent async/await to propagate my entire function calls in Node.js?,0,"node.js, async-await"
WordPress hosting solution?,0,"wordpress, web-hosting"
Blazor Error - Object reference not set to an instance of an object - Navigating to New Page,0,"c#, blazor"
Improve computational time and memory usage of the calculation of a large Matrix that has four loops [Python],0,"python, performance, time-complexity, space-complexity"
"Is the practical application of clean architecture, essentially anything more than using interfaces?",-3,"java, clean-architecture"
APS Model Derivative incorrect mapping,0,"autodesk-forge, autodesk-viewer, autodesk, autodesk-model-derivative"
Blue screen (BSOD) after updating to flutter 3.27,-1,"flutter, android-studio, android-emulator"
Moving picture like a carousel,0,"javascript, html, css, typescript, image"
My cursor in VS code is too wide like a block and it cannot change to a thin line again,0,visual-studio-code
"mlagents-learn --help is giving errors (python=3.11, 3.10, 3.9, 3.8)",0,"python, unity-game-engine, machine-learning, pip, artificial-intelligence"
"Symfony 7, Bootstrap 5.3 - Dropdown doesn't work, i.createPopper is not a function",0,"symfony, bootstrap-5, popper.js"
REST countries API endpoint no longer exist,-2,"javascript, fetch-api"
How to get meta data from a webradio stream in CircuitPython?,0,"raspberry-pi-pico, adafruit-circuitpython, webradio"
