Username,Reputation
Ben Weschler,"flutter,dart,webview"
Shepmaster,"rust,rust-cargo,reference"
VonC,"git,github,docker"
NathanOliver,"c++,c++11,templates"
Sweeper,"swift,java,c#"
rzwitserloot,"java,lombok,generics"
Martin Zeitler,"android,java,gradle"
Olivier,"php,java,delphi"
Khribi Wessim,"jquery,jquery-select2,html"
Thomas Weller,"windbg,c#,debugging"
anubhava,"regex,bash,shell"
Dunes,"python,python-3.x,java"
user2357112,"python,numpy,python-3.x"
jcalz,"typescript,typescript-generics,javascript"
Mikhail Berlyant,"google-bigquery,sql,google-cloud-platform"
Chayim Friedman,"rust,borrow-checker,traits"
Marshall Clow,"c++,stl,c++17"
timmy george,"c++,templates,move"
Remy Lebeau,"delphi,c++,winapi"
Gabriele Mariotti,"android,android-jetpack-compose,material-components-android"
Joseph Sible-Reinstate Monica,"haskell,c,c++"
Jan Schultke,"c++,language-lawyer,templates"
samhita,"sql,postgresql,python"
iorgu,"css,html,javascript"
Gordon Linoff,"sql,sql-server,mysql"
Martijn Pieters,"python,python-3.x,python-2.7"
icza,"go,string,struct"
Eric Postpischil,"c,c++,floating-point"
Matthieu Riegler,"angular,typescript,swift"
Benzy Neez,"swiftui,swift,ios"
doubleunary,"google-sheets,google-apps-script,google-sheets-formula"
Jan,"r,shiny,css"
Ali Saberi,"javascript,angularjs,frontend"
Lorenzo Yang,"character-encoding,visual-studio,visual-studio-2022"
Talukder Habib Riyadh,"reactjs,footer,css-animations"
G. Grothendieck,"r,dplyr,dataframe"
